Area,Bedrooms,Bathrooms,Stories,Parking,Age,Price
1360,5,2,2,2,8,703100
1794,5,3,1,2,16,775800
1630,3,3,1,0,13,604400
1595,5,2,2,3,14,834300
2138,4,1,1,3,0,869100
2669,5,2,1,0,20,888600
966,3,1,2,0,21,526400
1738,3,3,2,2,21,616800
830,4,1,1,3,2,560100
1982,2,1,1,0,15,736000
2635,2,1,1,2,22,838400
3419,5,3,2,3,24,1107000
630,1,3,2,1,10,482700
2185,5,1,2,2,11,880600
1269,4,1,2,3,9,646900
2891,4,2,1,3,15,864600
2015,4,1,2,2,7,789900
3353,4,2,2,1,5,1071200
2933,4,1,2,2,11,1001600
1715,3,2,2,3,23,629100
1455,2,3,2,0,27,603300
2824,4,1,1,0,20,864600
1684,1,1,1,2,7,570600
959,1,1,2,3,25,499500
521,1,1,1,0,27,383600
2800,1,2,2,3,3,872000
1247,3,1,2,2,25,679700
3404,1,3,1,0,7,949300
974,4,3,1,3,25,580500
1582,5,1,2,0,27,648500
3058,1,3,2,2,17,872200
2547,3,1,2,3,27,788000
3247,3,1,1,0,27,825300
1475,1,3,2,2,4,650900
2306,5,1,2,0,8,853000
689,1,3,2,0,3,387400
3234,3,2,1,1,26,927000
1062,2,1,2,1,21,515800
2399,4,2,2,2,16,887500
1767,3,3,1,1,8,798300
3379,1,2,2,2,0,1030800
2028,4,2,2,1,20,744000
1146,1,3,1,0,19,492000
2568,1,2,2,2,12,841200
3388,2,2,1,2,27,910000
2714,4,3,1,0,15,849600
1797,4,2,2,2,28,842200
2935,2,3,2,2,12,917800
1100,3,2,2,1,13,564200
2863,1,3,2,2,2,805700
2561,5,3,1,3,28,953600
741,1,2,2,0,5,431500
2541,1,2,1,1,17,771300
3324,3,2,2,1,18,1031800
3112,1,1,2,3,4,866500
3445,2,1,2,0,14,954100
1863,2,1,1,0,24,701500
2639,4,3,2,1,1,834700
1890,5,2,2,2,9,777200
1978,1,3,2,1,23,648300
3056,1,1,2,0,29,803200
1275,3,2,1,3,17,619600
534,2,3,2,1,26,403100
2753,5,2,1,0,12,897800
2455,4,3,1,1,4,863200
2085,2,2,1,2,22,697800
1521,4,1,1,1,23,647200
3113,3,1,1,1,0,995900
1629,3,2,1,0,21,698500
2000,1,3,2,0,0,777700
1202,5,1,1,0,17,570200
2949,4,1,1,1,14,915700
3277,2,1,1,2,16,1038600
2079,3,2,2,3,10,849900
661,1,2,2,3,20,437000
701,1,3,1,0,25,512800
2481,4,3,2,0,24,842200
1495,3,3,1,1,21,623200
2817,5,2,1,3,26,1006800
1315,3,2,2,0,26,526200
955,4,3,1,2,16,516200
1775,4,3,2,2,12,831600
1516,3,2,2,0,0,694300
2843,4,3,1,0,1,975600
3267,3,1,1,3,8,960000
837,2,2,2,3,2,553700
1378,3,3,1,1,0,665100
1576,3,2,1,3,20,637400
1291,4,1,1,2,15,605800
2764,4,2,2,2,22,891800
1263,1,2,2,0,5,533400
2735,1,2,1,3,27,772500
879,2,2,2,1,16,393100
992,1,1,2,2,4,557800
1680,3,2,2,2,4,751900
2562,4,2,2,1,5,904400
564,1,3,2,1,2,503400
3068,1,2,1,2,20,880900
1867,2,3,1,2,22,664900
1652,2,1,1,1,4,620700
2527,3,1,2,2,20,846300
3195,4,1,2,0,4,1000500
1995,2,1,1,0,9,788800
1662,1,3,2,1,9,752600
2022,4,2,1,3,18,830600
3140,4,1,1,1,16,907100
891,1,2,1,1,20,437200
2198,2,3,2,3,13,758000
918,1,3,2,3,8,574200
2836,4,3,1,3,13,830900
878,5,1,1,0,0,575100
2296,5,2,1,2,18,837900
2778,3,2,1,0,12,798800
2588,1,2,2,2,12,855700
2682,1,3,2,0,3,803300
700,3,1,1,2,29,466900
2363,3,3,1,0,0,994500
1279,3,3,2,3,16,584700
3477,4,2,2,1,7,1060900
1002,1,3,1,0,1,527500
2954,4,2,1,2,27,889100
2251,3,1,1,3,7,835700
1304,1,2,2,0,6,635000
2646,4,1,2,0,25,877400
3231,4,2,2,3,25,962900
2395,3,3,1,0,1,980300
3273,1,3,1,1,21,828100
2070,3,1,2,0,21,663500
1460,1,1,2,1,2,611300
3160,5,1,1,1,26,958300
1985,2,2,2,3,17,759200
3190,2,2,2,0,11,1015700
1528,2,1,1,3,0,649000
1002,3,3,2,0,21,578500
3314,5,2,1,0,11,1004300
897,1,2,1,2,4,545900
1370,4,2,1,0,29,593200
3342,1,1,1,3,29,863100
892,4,1,1,1,26,542700
706,1,1,1,0,24,438800
1538,5,1,1,2,16,586400
2381,4,1,2,3,15,864100
3439,3,3,1,0,14,1000500
1984,1,3,1,3,22,749500
1363,1,1,2,2,14,552800
3290,4,2,2,2,4,1117300
1063,3,1,2,3,20,532500
1520,3,3,1,0,13,559600
595,5,3,2,1,1,672200
2423,3,2,1,2,10,794000
